distance_to_city_center,hotel_address,hotel_link,hotel_name,image_link,lowest_price_per_night,lowest_seller,major_price_per_night,major_seller,major_total_price,minor_price_per_night,minor_seller,minor_total_price,num_of_ratings,num_of_stars,rating
0.3 miles to City center,,https://www.trivago.com/?&aDateRange[arr]=2021-07-12&aDateRange[dep]=2021-07-16&aPriceRange[from]=0&aPriceRange[to]=0&iRoomType=7&aRooms[0][adults]=2&cpt2=15173620/100&hasList=1&hasMap=0&sharedcid=15173620&tab=info,NH Collection Roma Fori Imperiali,"https://imgcy.trivago.com/c_lfill,d_dummy.jpeg,e_sharpen:60,f_auto,h_225,q_auto,w_225/itemimages/15/17/15173620_v4.jpeg",305,Agoda,341,NH Collection,1364,341,Booking.com,1364,44,5,8.9
1.2 miles to St Peters Basilica,"Via Pio IV 6, 00165, Rome, Italy",https://www.trivago.com/?&aDateRange[arr]=2021-07-12&aDateRange[dep]=2021-07-16&aPriceRange[from]=0&aPriceRange[to]=0&iRoomType=7&aRooms[0][adults]=2&cpt2=17195/100&hasList=1&hasMap=0&sharedcid=17195&tab=info,NH Roma Villa Carpegna,"https://imgcy.trivago.com/c_lfill,d_dummy.jpeg,e_sharpen:60,f_auto,h_225,q_auto,w_225/itemimages/17/19/17195_v5.jpeg",106,Agoda,122,NH Hotels,487,341,Booking.com,1364,2735,4,8.9
1.0 miles to Colosseum,"Piazza della Rotonda 73, 00186, Rome, Italy",https://www.trivago.com/?&aDateRange[arr]=2021-07-12&aDateRange[dep]=2021-07-16&aPriceRange[from]=0&aPriceRange[to]=0&iRoomType=7&aRooms[0][adults]=2&cpt2=17023/100&hasList=1&hasMap=0&sharedcid=17023&tab=info,Hotel Albergo Del Senato,"https://imgcy.trivago.com/c_lfill,d_dummy.jpeg,e_sharpen:60,f_auto,h_225,q_auto,w_225/itemimages/17/02/17023_v10.jpeg",130,Hotel Website,130,Hotel Website,519,341,Booking.com,1364,1999,3,8.9
0.9 miles to Colosseum,,https://www.trivago.com/?&aDateRange[arr]=2021-07-12&aDateRange[dep]=2021-07-16&aPriceRange[from]=0&aPriceRange[to]=0&iRoomType=7&aRooms[0][adults]=2&cpt2=45317/100&hasList=1&hasMap=0&sharedcid=45317&tab=info,Anantara Palazzo Naiadi Rome Hotel,"https://imgcy.trivago.com/c_lfill,d_dummy.jpeg,e_sharpen:60,f_auto,h_225,q_auto,w_225/itemimages/45/31/45317_v5.jpeg",360,Anantara Hotels Resorts Spas,360,Anantara Hotels Resorts Spas,1438,341,Booking.com,1364,911,5,8.9
0.7 miles to Colosseum,,https://www.trivago.com/?&aDateRange[arr]=2021-07-12&aDateRange[dep]=2021-07-16&aPriceRange[from]=0&aPriceRange[to]=0&iRoomType=7&aRooms[0][adults]=2&cpt2=16924/100&hasList=1&hasMap=0&sharedcid=16924&tab=info,California,"https://imgcy.trivago.com/c_lfill,d_dummy.jpeg,e_sharpen:60,f_auto,h_225,q_auto,w_225/itemimages/16/92/16924_v7.jpeg",85,Agoda,87,Booking.com,346,341,Booking.com,1364,1395,3,8.9
0.9 miles to Colosseum,,https://www.trivago.com/?&aDateRange[arr]=2021-07-12&aDateRange[dep]=2021-07-16&aPriceRange[from]=0&aPriceRange[to]=0&iRoomType=7&aRooms[0][adults]=2&cpt2=4897876/100&hasList=1&hasMap=0&sharedcid=4897876&tab=info,NH Collection Palazzo Cinquecento,"https://imgcy.trivago.com/c_lfill,d_dummy.jpeg,e_sharpen:60,f_auto,h_225,q_auto,w_225/itemimages/48/97/4897876_v2.jpeg",205,Stayforlong,224,NH Collection,896,341,Booking.com,1364,1321,5,8.9
3.6 miles to Colosseum,,https://www.trivago.com/?&aDateRange[arr]=2021-07-12&aDateRange[dep]=2021-07-16&aPriceRange[from]=0&aPriceRange[to]=0&iRoomType=7&aRooms[0][adults]=2&cpt2=17466/100&hasList=1&hasMap=0&sharedcid=17466&tab=info,Quality Hotel Rouge et Noir,"https://imgcy.trivago.com/c_lfill,d_dummy.jpeg,e_sharpen:60,f_auto,h_225,q_auto,w_225/itemimages/17/46/17466_v9.jpeg",24,BookingBargains,45,Booking.com,180,341,Booking.com,1364,2324,4,8.9
1.0 miles to Colosseum,,https://www.trivago.com/?&aDateRange[arr]=2021-07-12&aDateRange[dep]=2021-07-16&aPriceRange[from]=0&aPriceRange[to]=0&iRoomType=7&aRooms[0][adults]=2&cpt2=17236/100&hasList=1&hasMap=0&sharedcid=17236&tab=info,The St. Regis Rome,"https://imgcy.trivago.com/c_lfill,d_dummy.jpeg,e_sharpen:60,f_auto,h_225,q_auto,w_225/itemimages/17/23/17236_v8.jpeg",508,Booking.com,508,Booking.com,2033,341,Booking.com,1364,925,5,8.9
1.3 miles to Colosseum,,https://www.trivago.com/?&aDateRange[arr]=2021-07-12&aDateRange[dep]=2021-07-16&aPriceRange[from]=0&aPriceRange[to]=0&iRoomType=7&aRooms[0][adults]=2&cpt2=17273/100&hasList=1&hasMap=0&sharedcid=17273&tab=info,Marcella Royal Hotel,"https://imgcy.trivago.com/c_lfill,d_dummy.jpeg,e_sharpen:60,f_auto,h_225,q_auto,w_225/itemimages/17/27/17273_v9.jpeg",88,Stayforlong,102,Booking.com,408,341,Booking.com,1364,3861,4,8.9
1.0 miles to Colosseum,,https://www.trivago.com/?&aDateRange[arr]=2021-07-12&aDateRange[dep]=2021-07-16&aPriceRange[from]=0&aPriceRange[to]=0&iRoomType=7&aRooms[0][adults]=2&cpt2=5529940/100&hasList=1&hasMap=0&sharedcid=5529940&tab=info,Hotel 87 EightySeven,"https://imgcy.trivago.com/c_lfill,d_dummy.jpeg,e_sharpen:60,f_auto,h_225,q_auto,w_225/itemimages/55/29/5529940_v1.jpeg",72,Agoda,77,Booking.com,307,341,Booking.com,1364,1198,4,8.9
1.0 miles to Colosseum,,https://www.trivago.com/?&aDateRange[arr]=2021-07-12&aDateRange[dep]=2021-07-16&aPriceRange[from]=0&aPriceRange[to]=0&iRoomType=7&aRooms[0][adults]=2&cpt2=3809738/100&hasList=1&hasMap=0&sharedcid=3809738&tab=info,La Residenza Del Sole Al Pantheon,"https://imgcy.trivago.com/c_lfill,d_dummy.jpeg,e_sharpen:60,f_auto,h_225,q_auto,w_225/itemimages/38/09/3809738_v2.jpeg",200,Expedia,222,Hotel Website,887,341,Booking.com,1364,124,,8.9
1.1 miles to St Peters Basilica,,https://www.trivago.com/?&aDateRange[arr]=2021-07-12&aDateRange[dep]=2021-07-16&aPriceRange[from]=0&aPriceRange[to]=0&iRoomType=7&aRooms[0][adults]=2&cpt2=5070118/100&hasList=1&hasMap=0&sharedcid=5070118&tab=info,Fendi Private Suites,"https://imgcy.trivago.com/c_lfill,d_dummy.jpeg,e_sharpen:60,f_auto,h_225,q_auto,w_225/itemimages/50/70/5070118.jpeg",704,Hotels.com,775,Hotel Website,3099,341,Booking.com,1364,133,,8.9
1.8 miles to City center,,https://www.trivago.com/?&aDateRange[arr]=2021-07-12&aDateRange[dep]=2021-07-16&aPriceRange[from]=0&aPriceRange[to]=0&iRoomType=7&aRooms[0][adults]=2&cpt2=11261528/100&hasList=1&hasMap=0&sharedcid=11261528&tab=info,San Giovanni Roma,"https://imgcy.trivago.com/c_lfill,d_dummy.jpeg,e_sharpen:60,f_auto,h_225,q_auto,w_225/itemimages/11/26/11261528_v3.jpeg",75,Stayforlong,118,Booking.com,471,341,Booking.com,1364,141,4,8.9
0.8 miles to Colosseum,,https://www.trivago.com/?&aDateRange[arr]=2021-07-12&aDateRange[dep]=2021-07-16&aPriceRange[from]=0&aPriceRange[to]=0&iRoomType=7&aRooms[0][adults]=2&cpt2=17432/100&hasList=1&hasMap=0&sharedcid=17432&tab=info,"Radisson Blu es. Hotel, Rome","https://imgcy.trivago.com/c_lfill,d_dummy.jpeg,e_sharpen:60,f_auto,h_225,q_auto,w_225/itemimages/17/43/17432_v8.jpeg",125,Stayforlong,125,Stayforlong,502,341,Booking.com,1364,1993,5,8.9
0.0 miles to City center,,https://www.trivago.com/?&aDateRange[arr]=2021-07-12&aDateRange[dep]=2021-07-16&aPriceRange[from]=0&aPriceRange[to]=0&iRoomType=7&aRooms[0][adults]=2&cpt2=18069790/100&hasList=1&hasMap=0&sharedcid=18069790&tab=info,Stay Lodge Rome,"https://imgcy.trivago.com/c_lfill,d_dummy.jpeg,e_sharpen:60,f_auto,h_225,q_auto,w_225/itemimages/18/06/18069790_v2.jpeg",56,Booking.com,56,Booking.com,224,341,Booking.com,1364,7,,8.9
1.8 miles to St Peters Basilica,,https://www.trivago.com/?&aDateRange[arr]=2021-07-12&aDateRange[dep]=2021-07-16&aPriceRange[from]=0&aPriceRange[to]=0&iRoomType=7&aRooms[0][adults]=2&cpt2=17006/100&hasList=1&hasMap=0&sharedcid=17006&tab=info,Crowne Plaza Rome - St. Peter's,"https://imgcy.trivago.com/c_lfill,d_dummy.jpeg,e_sharpen:60,f_auto,h_225,q_auto,w_225/itemimages/17/00/17006_v14.jpeg",106,Stayforlong,120,Booking.com,481,341,Booking.com,1364,3729,4,8.9
0.7 miles to St Peters Basilica,,https://www.trivago.com/?&aDateRange[arr]=2021-07-12&aDateRange[dep]=2021-07-16&aPriceRange[from]=0&aPriceRange[to]=0&iRoomType=7&aRooms[0][adults]=2&cpt2=3229758/100&hasList=1&hasMap=0&sharedcid=3229758&tab=info,Vaticano Royal Suite,"https://imgcy.trivago.com/c_lfill,d_dummy.jpeg,e_sharpen:60,f_auto,h_225,q_auto,w_225/itemimages/32/29/3229758_v2.jpeg",75,Stayforlong,75,Stayforlong,298,341,Booking.com,1364,76,,8.9
0.3 miles to City center,,https://www.trivago.com/?&aDateRange[arr]=2021-07-12&aDateRange[dep]=2021-07-16&aPriceRange[from]=0&aPriceRange[to]=0&iRoomType=7&aRooms[0][adults]=2&cpt2=5795326/100&hasList=1&hasMap=0&sharedcid=5795326&tab=info,Rocco Forte Hotel De La Ville,"https://imgcy.trivago.com/c_lfill,d_dummy.jpeg,e_sharpen:60,f_auto,h_225,q_auto,w_225/itemimages/57/95/5795326_v1.jpeg",590,Stayforlong,605,Hotelwiz,2420,341,Booking.com,1364,32,5,8.9
1.1 miles to St Peters Basilica,,https://www.trivago.com/?&aDateRange[arr]=2021-07-12&aDateRange[dep]=2021-07-16&aPriceRange[from]=0&aPriceRange[to]=0&iRoomType=7&aRooms[0][adults]=2&cpt2=4896296/100&hasList=1&hasMap=0&sharedcid=4896296&tab=info,Le Coq Rooms&Suite,"https://imgcy.trivago.com/c_lfill,d_dummy.jpeg,e_sharpen:60,f_auto,h_225,q_auto,w_225/itemimages/48/96/4896296_v1.jpeg",61,Expedia,76,Booking.com,303,341,Booking.com,1364,70,,8.9
0.3 miles to St Peters Basilica,,https://www.trivago.com/?&aDateRange[arr]=2021-07-12&aDateRange[dep]=2021-07-16&aPriceRange[from]=0&aPriceRange[to]=0&iRoomType=7&aRooms[0][adults]=2&cpt2=17024/100&hasList=1&hasMap=0&sharedcid=17024&tab=info,Hotel Della Conciliazione,"https://imgcy.trivago.com/c_lfill,d_dummy.jpeg,e_sharpen:60,f_auto,h_225,q_auto,w_225/itemimages/17/02/17024_v9.jpeg",114,ZenHotels.com,129,Booking.com,515,341,Booking.com,1364,969,4,8.9
0.8 miles to St Peters Basilica,,https://www.trivago.com/?&aDateRange[arr]=2021-07-12&aDateRange[dep]=2021-07-16&aPriceRange[from]=0&aPriceRange[to]=0&iRoomType=7&aRooms[0][adults]=2&cpt2=17193/100&hasList=1&hasMap=0&sharedcid=17193&tab=info,NH Collection Roma Centro,"https://imgcy.trivago.com/c_lfill,d_dummy.jpeg,e_sharpen:60,f_auto,h_225,q_auto,w_225/itemimages/17/19/17193_v16.jpeg",94,Agoda,136,NH Collection,545,341,Booking.com,1364,1247,,8.9
0.6 miles to Colosseum,,https://www.trivago.com/?&aDateRange[arr]=2021-07-12&aDateRange[dep]=2021-07-16&aPriceRange[from]=0&aPriceRange[to]=0&iRoomType=7&aRooms[0][adults]=2&cpt2=17146/100&hasList=1&hasMap=0&sharedcid=17146&tab=info,Hotel Giolli Nazionale,"https://imgcy.trivago.com/c_lfill,d_dummy.jpeg,e_sharpen:60,f_auto,h_225,q_auto,w_225/itemimages/17/14/17146_v13.jpeg",109,Stayforlong,120,Booking.com,479,341,Booking.com,1364,348,4,8.9
1.1 miles to Colosseum,,https://www.trivago.com/?&aDateRange[arr]=2021-07-12&aDateRange[dep]=2021-07-16&aPriceRange[from]=0&aPriceRange[to]=0&iRoomType=7&aRooms[0][adults]=2&cpt2=17050/100&hasList=1&hasMap=0&sharedcid=17050&tab=info,Domus Mea,"https://imgcy.trivago.com/c_lfill,d_dummy.jpeg,e_sharpen:60,f_auto,h_225,q_auto,w_225/itemimages/17/05/17050_v4.jpeg",98,Stayforlong,98,Stayforlong,393,341,Booking.com,1364,233,3,8.9
0.5 miles to St Peters Basilica,,https://www.trivago.com/?&aDateRange[arr]=2021-07-12&aDateRange[dep]=2021-07-16&aPriceRange[from]=0&aPriceRange[to]=0&iRoomType=7&aRooms[0][adults]=2&cpt2=16844/100&hasList=1&hasMap=0&sharedcid=16844&tab=info,Hotel Alessandrino,"https://imgcy.trivago.com/c_lfill,d_dummy.jpeg,e_sharpen:60,f_auto,h_225,q_auto,w_225/itemimages/16/84/16844_v5.jpeg",44,Stayforlong,69,Booking.com,277,341,Booking.com,1364,1277,3,8.9
0.8 miles to St Peters Basilica,,https://www.trivago.com/?&aDateRange[arr]=2021-07-12&aDateRange[dep]=2021-07-16&aPriceRange[from]=0&aPriceRange[to]=0&iRoomType=7&aRooms[0][adults]=2&cpt2=1639909/100&hasList=1&hasMap=0&sharedcid=1639909&tab=info,Navona Tower Relais,"https://imgcy.trivago.com/c_lfill,d_dummy.jpeg,e_sharpen:60,f_auto,h_225,q_auto,w_225/itemimages/16/39/1639909_v6.jpeg",78,Expedia,95,Hotel Website,380,341,Booking.com,1364,436,,8.9
0.6 miles to St Peters Basilica,"Via Virgilio 1 E/F/G, 00193, Rome, Italy",https://www.trivago.com/?&aDateRange[arr]=2021-07-12&aDateRange[dep]=2021-07-16&aPriceRange[from]=0&aPriceRange[to]=0&iRoomType=7&aRooms[0][adults]=2&cpt2=926789/100&hasList=1&hasMap=0&sharedcid=926789&tab=info,NH Collection Giustiniano,"https://imgcy.trivago.com/c_lfill,d_dummy.jpeg,e_sharpen:60,f_auto,h_225,q_auto,w_225/itemimages/92/67/926789_v12.jpeg",122,Stayforlong,151,NH Collection,606,122,Stayforlong,488,1730,4,8.7
0.6 miles to Colosseum,"Via Ventiquattro Maggio 8, 00187, Rome, Italy",https://www.trivago.com/?&aDateRange[arr]=2021-07-12&aDateRange[dep]=2021-07-16&aPriceRange[from]=0&aPriceRange[to]=0&iRoomType=7&aRooms[0][adults]=2&cpt2=17165/100&hasList=1&hasMap=0&sharedcid=17165&tab=info,Hotel Hiberia,"https://imgcy.trivago.com/c_lfill,d_dummy.jpeg,e_sharpen:60,f_auto,h_225,q_auto,w_225/itemimages/17/16/17165_v4.jpeg",63,Agoda,72,Booking.com,290,122,Stayforlong,488,1394,3,8.7
4.5 miles to Colosseum,"Via Laurentina 554, 00143, Rome, Italy",https://www.trivago.com/?&aDateRange[arr]=2021-07-12&aDateRange[dep]=2021-07-16&aPriceRange[from]=0&aPriceRange[to]=0&iRoomType=7&aRooms[0][adults]=2&cpt2=16856/100&hasList=1&hasMap=0&sharedcid=16856&tab=info,Hotel American Palace Eur,"https://imgcy.trivago.com/c_lfill,d_dummy.jpeg,e_sharpen:60,f_auto,h_225,q_auto,w_225/itemimages/16/85/16856_v16.jpeg",59,Prestigia,76,Booking.com,305,122,Stayforlong,488,857,4,8.7
1.8 miles to St Peters Basilica,"Via Giuseppe De Notaris 5, 00197, Rome, Italy",https://www.trivago.com/?&aDateRange[arr]=2021-07-12&aDateRange[dep]=2021-07-16&aPriceRange[from]=0&aPriceRange[to]=0&iRoomType=7&aRooms[0][adults]=2&cpt2=17251/100&hasList=1&hasMap=0&sharedcid=17251&tab=info,Lord Byron,"https://imgcy.trivago.com/c_lfill,d_dummy.jpeg,e_sharpen:60,f_auto,h_225,q_auto,w_225/itemimages/17/25/17251_v3.jpeg",174,Hotels.com,174,Hotels.com,697,122,Stayforlong,488,1607,5,8.7
0.8 miles to Colosseum,"Via Principe Amedeo 5/B, 00185, Rome, Italy",https://www.trivago.com/?&aDateRange[arr]=2021-07-12&aDateRange[dep]=2021-07-16&aPriceRange[from]=0&aPriceRange[to]=0&iRoomType=7&aRooms[0][adults]=2&cpt2=17576/100&hasList=1&hasMap=0&sharedcid=17576&tab=info,Best Western Hotel Universo,"https://imgcy.trivago.com/c_lfill,d_dummy.jpeg,e_sharpen:60,f_auto,h_225,q_auto,w_225/itemimages/17/57/17576_v4.jpeg",90,Stayforlong,123,Booking.com,493,122,Stayforlong,488,1697,4,8.7
0.8 miles to Colosseum,"Via Emanuele Filiberto 173, 00185, Rome, Italy",https://www.trivago.com/?&aDateRange[arr]=2021-07-12&aDateRange[dep]=2021-07-16&aPriceRange[from]=0&aPriceRange[to]=0&iRoomType=7&aRooms[0][adults]=2&cpt2=17414/100&hasList=1&hasMap=0&sharedcid=17414&tab=info,Best Western Hotel President,"https://imgcy.trivago.com/c_lfill,d_dummy.jpeg,e_sharpen:60,f_auto,h_225,q_auto,w_225/itemimages/17/41/17414_v5.jpeg",79,Stayforlong,79,Stayforlong,316,122,Stayforlong,488,1422,4,8.7
2.0 miles to International Airport Roma Ciampino,"Via Lucrezia Romana 95, 00178, Rome, Italy",https://www.trivago.com/?&aDateRange[arr]=2021-07-12&aDateRange[dep]=2021-07-16&aPriceRange[from]=0&aPriceRange[to]=0&iRoomType=7&aRooms[0][adults]=2&cpt2=17142/100&hasList=1&hasMap=0&sharedcid=17142&tab=info,Hotel Giardino D'Europa,"https://imgcy.trivago.com/c_lfill,d_dummy.jpeg,e_sharpen:60,f_auto,h_225,q_auto,w_225/itemimages/17/14/17142_v13.jpeg",52,Agoda,59,Booking.com,235,122,Stayforlong,488,462,3,8.7
0.9 miles to Colosseum,"Via del Corso, 330, 00186, Rome, Italy",https://www.trivago.com/?&aDateRange[arr]=2021-07-12&aDateRange[dep]=2021-07-16&aPriceRange[from]=0&aPriceRange[to]=0&iRoomType=7&aRooms[0][adults]=2&cpt2=17440/100&hasList=1&hasMap=0&sharedcid=17440&tab=info,Hotel Regno,"https://imgcy.trivago.com/c_lfill,d_dummy.jpeg,e_sharpen:60,f_auto,h_225,q_auto,w_225/itemimages/17/44/17440_v5.jpeg",145,Stayforlong,145,Stayforlong,578,122,Stayforlong,488,864,3,8.7
1.2 miles to Colosseum,"Via Marghera 51, 00185, Rome, Italy",https://www.trivago.com/?&aDateRange[arr]=2021-07-12&aDateRange[dep]=2021-07-16&aPriceRange[from]=0&aPriceRange[to]=0&iRoomType=7&aRooms[0][adults]=2&cpt2=17468/100&hasList=1&hasMap=0&sharedcid=17468&tab=info,Royal Court,"https://imgcy.trivago.com/c_lfill,d_dummy.jpeg,e_sharpen:60,f_auto,h_225,q_auto,w_225/itemimages/17/46/17468_v7.jpeg",42,BookingBargains,43,Stayforlong,171,122,Stayforlong,488,988,4,8.7
1.0 miles to St Peters Basilica,"Via dei Pettinari 64, 00186, Rome, Italy",https://www.trivago.com/?&aDateRange[arr]=2021-07-12&aDateRange[dep]=2021-07-16&aPriceRange[from]=0&aPriceRange[to]=0&iRoomType=7&aRooms[0][adults]=2&cpt2=17406/100&hasList=1&hasMap=0&sharedcid=17406&tab=info,Hotel Ponte Sisto,"https://imgcy.trivago.com/c_lfill,d_dummy.jpeg,e_sharpen:60,f_auto,h_225,q_auto,w_225/itemimages/17/40/17406_v8.jpeg",115,Stayforlong,162,Booking.com,649,122,Stayforlong,488,1672,4,8.7
1.1 miles to Colosseum,"Via Magenta, 15, 00185, Rome, Italy",https://www.trivago.com/?&aDateRange[arr]=2021-07-12&aDateRange[dep]=2021-07-16&aPriceRange[from]=0&aPriceRange[to]=0&iRoomType=7&aRooms[0][adults]=2&cpt2=396426/100&hasList=1&hasMap=0&sharedcid=396426&tab=info,Yes Hotel Rome,"https://imgcy.trivago.com/c_lfill,d_dummy.jpeg,e_sharpen:60,f_auto,h_225,q_auto,w_225/itemimages/39/64/396426_v8.jpeg",81,Agoda,88,Booking.com,352,122,Stayforlong,488,1776,3,8.7
0.2 miles to Colosseum,"Via Labicana, 125, Rome, Italy",https://www.trivago.com/?&aDateRange[arr]=2021-07-12&aDateRange[dep]=2021-07-16&aPriceRange[from]=0&aPriceRange[to]=0&iRoomType=7&aRooms[0][adults]=2&cpt2=17017/100&hasList=1&hasMap=0&sharedcid=17017&tab=info,Palazzo Manfredi,"https://imgcy.trivago.com/c_lfill,d_dummy.jpeg,e_sharpen:60,f_auto,h_225,q_auto,w_225/itemimages/17/01/17017_v21.jpeg",371,Stayforlong,383,Booking.com,1532,122,Stayforlong,488,723,5,8.7
1.2 miles to Colosseum,"Piazza Trinità dei Monti 6, 00187, Rome, Italy",https://www.trivago.com/?&aDateRange[arr]=2021-07-12&aDateRange[dep]=2021-07-16&aPriceRange[from]=0&aPriceRange[to]=0&iRoomType=7&aRooms[0][adults]=2&cpt2=17163/100&hasList=1&hasMap=0&sharedcid=17163&tab=info,Hotel Hassler Roma,"https://imgcy.trivago.com/c_lfill,d_dummy.jpeg,e_sharpen:60,f_auto,h_225,q_auto,w_225/itemimages/17/16/17163_v9.jpeg",560,Stayforlong,560,Stayforlong,2240,122,Stayforlong,488,245,5,8.7
1.1 miles to Colosseum,"Via Volturno 40, 00185, Rome, Italy",https://www.trivago.com/?&aDateRange[arr]=2021-07-12&aDateRange[dep]=2021-07-16&aPriceRange[from]=0&aPriceRange[to]=0&iRoomType=7&aRooms[0][adults]=2&cpt2=3523650/100&hasList=1&hasMap=0&sharedcid=3523650&tab=info,The Independent Suites,"https://imgcy.trivago.com/c_lfill,d_dummy.jpeg,e_sharpen:60,f_auto,h_225,q_auto,w_225/itemimages/35/23/3523650_v8.jpeg",114,Stayforlong,114,Stayforlong,455,122,Stayforlong,488,150,4,8.7
0.8 miles to Colosseum,"Via Giovanni Amendola 57, 00185, Rome, Italy",https://www.trivago.com/?&aDateRange[arr]=2021-07-12&aDateRange[dep]=2021-07-16&aPriceRange[from]=0&aPriceRange[to]=0&iRoomType=7&aRooms[0][adults]=2&cpt2=950631/100&hasList=1&hasMap=0&sharedcid=950631&tab=info,Unahotels Decò Roma,"https://imgcy.trivago.com/c_lfill,d_dummy.jpeg,e_sharpen:60,f_auto,h_225,q_auto,w_225/itemimages/95/06/950631_v4.jpeg",113,Agoda,143,Booking.com,573,122,Stayforlong,488,2055,4,8.7
0.9 miles to Colosseum,"Piazza Della Minerva, 69, 00186, Rome, Italy",https://www.trivago.com/?&aDateRange[arr]=2021-07-12&aDateRange[dep]=2021-07-16&aPriceRange[from]=0&aPriceRange[to]=0&iRoomType=7&aRooms[0][adults]=2&cpt2=17156/100&hasList=1&hasMap=0&sharedcid=17156&tab=info,Grand Hotel De La Minerve,"https://imgcy.trivago.com/c_lfill,d_dummy.jpeg,e_sharpen:60,f_auto,h_225,q_auto,w_225/itemimages/17/15/17156_v5.jpeg",234,Stayforlong,234,Stayforlong,935,122,Stayforlong,488,1034,5,8.7
0.8 miles to St Peters Basilica,"Via Cola di Rienzo 23, 00192, Rome, Italy",https://www.trivago.com/?&aDateRange[arr]=2021-07-12&aDateRange[dep]=2021-07-16&aPriceRange[from]=0&aPriceRange[to]=0&iRoomType=7&aRooms[0][adults]=2&cpt2=1075622/100&hasList=1&hasMap=0&sharedcid=1075622&tab=info,Hotel Twentyone,"https://imgcy.trivago.com/c_lfill,d_dummy.jpeg,e_sharpen:60,f_auto,h_225,q_auto,w_225/itemimages/10/75/1075622_v5.jpeg",85,Stayforlong,85,Stayforlong,338,122,Stayforlong,488,1866,4,8.7
1.4 miles to Colosseum,"Via Campania, 41, 00187, Rome, Italy",https://www.trivago.com/?&aDateRange[arr]=2021-07-12&aDateRange[dep]=2021-07-16&aPriceRange[from]=0&aPriceRange[to]=0&iRoomType=7&aRooms[0][adults]=2&cpt2=17586/100&hasList=1&hasMap=0&sharedcid=17586&tab=info,Hotel Victoria Roma,"https://imgcy.trivago.com/c_lfill,d_dummy.jpeg,e_sharpen:60,f_auto,h_225,q_auto,w_225/itemimages/17/58/17586_v5.jpeg",142,Stayforlong,142,Stayforlong,567,122,Stayforlong,488,1259,4,8.7
0.1 miles to City center,"Via Dei Crociferi 26, 00187, Rome, Italy",https://www.trivago.com/?&aDateRange[arr]=2021-07-12&aDateRange[dep]=2021-07-16&aPriceRange[from]=0&aPriceRange[to]=0&iRoomType=7&aRooms[0][adults]=2&cpt2=5892782/100&hasList=1&hasMap=0&sharedcid=5892782&tab=info,59 Steps Trevi,"https://imgcy.trivago.com/c_lfill,d_dummy.jpeg,e_sharpen:60,f_auto,h_225,q_auto,w_225/itemimages/58/92/5892782.jpeg",46,Hotels.com,51,Stayforlong,204,122,Stayforlong,488,337,,8.7
0.6 miles to Colosseum,"Via Palermo 36, 00184, Rome, Italy",https://www.trivago.com/?&aDateRange[arr]=2021-07-12&aDateRange[dep]=2021-07-16&aPriceRange[from]=0&aPriceRange[to]=0&iRoomType=7&aRooms[0][adults]=2&cpt2=16975/100&hasList=1&hasMap=0&sharedcid=16975&tab=info,Clarin Hotel,"https://imgcy.trivago.com/c_lfill,d_dummy.jpeg,e_sharpen:60,f_auto,h_225,q_auto,w_225/itemimages/16/97/16975_v7.jpeg",55,Stayforlong,55,Stayforlong,222,122,Stayforlong,488,903,2,8.7
4.3 miles to City center,"Via Tuscolana, 892, 00174, Rome, Italy",https://www.trivago.com/?&aDateRange[arr]=2021-07-12&aDateRange[dep]=2021-07-16&aPriceRange[from]=0&aPriceRange[to]=0&iRoomType=7&aRooms[0][adults]=2&cpt2=787441/100&hasList=1&hasMap=0&sharedcid=787441&tab=info,Hotel The Strand,"https://imgcy.trivago.com/c_lfill,d_dummy.jpeg,e_sharpen:60,f_auto,h_225,q_auto,w_225/itemimages/78/74/787441_v5.jpeg",65,Stayforlong,82,Booking.com,328,122,Stayforlong,488,336,3,8.7
1.8 miles to City center,"Via dei Sabelli, 177, 00185, Rome, Italy",https://www.trivago.com/?&aDateRange[arr]=2021-07-12&aDateRange[dep]=2021-07-16&aPriceRange[from]=0&aPriceRange[to]=0&iRoomType=7&aRooms[0][adults]=2&cpt2=17493144/100&hasList=1&hasMap=0&sharedcid=17493144&tab=info,B&B Hotel Roma San Lorenzo Termini,"https://imgcy.trivago.com/c_lfill,d_dummy.jpeg,e_sharpen:60,f_auto,h_225,q_auto,w_225/itemimages/17/49/17493144_v1.jpeg",49,Agoda,51,Booking.com,203,122,Stayforlong,488,127,3,8.7
1.2 miles to St Peters Basilica,"Via Della Fontanella 15, 00187, Rome, Italy",https://www.trivago.com/?&aDateRange[arr]=2021-07-12&aDateRange[dep]=2021-07-16&aPriceRange[from]=0&aPriceRange[to]=0&iRoomType=7&aRooms[0][adults]=2&cpt2=17578/100&hasList=1&hasMap=0&sharedcid=17578&tab=info,Hotel Valadier,"https://imgcy.trivago.com/c_lfill,d_dummy.jpeg,e_sharpen:60,f_auto,h_225,q_auto,w_225/itemimages/17/57/17578_v7.jpeg",115,Stayforlong,115,Stayforlong,462,122,Stayforlong,488,1687,4,8.7
1.3 miles to Colosseum,"Via Di Porta Pinciana 14, 00187, Rome, Italy",https://www.trivago.com/?&aDateRange[arr]=2021-07-12&aDateRange[dep]=2021-07-16&aPriceRange[from]=0&aPriceRange[to]=0&iRoomType=7&aRooms[0][adults]=2&cpt2=17529/100&hasList=1&hasMap=0&sharedcid=17529&tab=info,Hotel Splendide Royal,"https://imgcy.trivago.com/c_lfill,d_dummy.jpeg,e_sharpen:60,f_auto,h_225,q_auto,w_225/itemimages/17/52/17529_v5.jpeg",325,Stayforlong,325,Stayforlong,1302,122,Stayforlong,488,1561,5,8.7
2.1 miles to St Peters Basilica,"Circonvallazione Gianicolense 226, 00149, Rome, Italy",https://www.trivago.com/?&aDateRange[arr]=2021-07-12&aDateRange[dep]=2021-07-16&aPriceRange[from]=0&aPriceRange[to]=0&iRoomType=7&aRooms[0][adults]=2&cpt2=3231794/100&hasList=1&hasMap=0&sharedcid=3231794&tab=info,Villa Zaccardi,"https://imgcy.trivago.com/c_lfill,d_dummy.jpeg,e_sharpen:60,f_auto,h_225,q_auto,w_225/itemimages/32/31/3231794_v2.jpeg",72,Stayforlong,84,Booking.com,335,122,Stayforlong,488,147,,8.7
3.1 miles to City center,"Via Colossi, 50, 00146, Rome, Italy",https://www.trivago.com/?&aDateRange[arr]=2021-07-12&aDateRange[dep]=2021-07-16&aPriceRange[from]=0&aPriceRange[to]=0&iRoomType=7&aRooms[0][adults]=2&cpt2=4989244/100&hasList=1&hasMap=0&sharedcid=4989244&tab=info,Hotel San Paolo,"https://imgcy.trivago.com/c_lfill,d_dummy.jpeg,e_sharpen:60,f_auto,h_225,q_auto,w_225/itemimages/49/89/4989244_v4.jpeg",65,Stayforlong,65,Stayforlong,262,70,Hurb - Hotel Urbano,280,180,4,8.6
3.7 miles to St Peters Basilica,"Via Aldobrandeschi 223, 00163, Rome, Italy",https://www.trivago.com/?&aDateRange[arr]=2021-07-12&aDateRange[dep]=2021-07-16&aPriceRange[from]=0&aPriceRange[to]=0&iRoomType=7&aRooms[0][adults]=2&cpt2=45652/100&hasList=1&hasMap=0&sharedcid=45652&tab=info,Roma Aurelia Antica,"https://imgcy.trivago.com/c_lfill,d_dummy.jpeg,e_sharpen:60,f_auto,h_225,q_auto,w_225/itemimages/45/65/45652_v9.jpeg",55,Stayforlong,55,Stayforlong,222,70,Hurb - Hotel Urbano,280,803,4,8.6
0.4 miles to Colosseum,"Via di San Teodoro 48, 00186, Rome, Italy",https://www.trivago.com/?&aDateRange[arr]=2021-07-12&aDateRange[dep]=2021-07-16&aPriceRange[from]=0&aPriceRange[to]=0&iRoomType=7&aRooms[0][adults]=2&cpt2=16943/100&hasList=1&hasMap=0&sharedcid=16943&tab=info,Kolbe Hotel Rome,"https://imgcy.trivago.com/c_lfill,d_dummy.jpeg,e_sharpen:60,f_auto,h_225,q_auto,w_225/itemimages/16/94/16943_v5.jpeg",115,Stayforlong,139,Booking.com,555,70,Hurb - Hotel Urbano,280,1679,4,8.6
0.2 miles to City center,"Via di Capo le Case, 18, 00187, Rome, Italy",https://www.trivago.com/?&aDateRange[arr]=2021-07-12&aDateRange[dep]=2021-07-16&aPriceRange[from]=0&aPriceRange[to]=0&iRoomType=7&aRooms[0][adults]=2&cpt2=7185234/100&hasList=1&hasMap=0&sharedcid=7185234&tab=info,Casa Heberart Capo le Case,"https://imgcy.trivago.com/c_lfill,d_dummy.jpeg,e_sharpen:60,f_auto,h_225,q_auto,w_225/itemimages/71/85/7185234_v1.jpeg",52,Stayforlong,52,Stayforlong,207,70,Hurb - Hotel Urbano,280,287,,8.6
1.1 miles to St Peters Basilica,"Via del Corso 112, 00186, Rome, Italy",https://www.trivago.com/?&aDateRange[arr]=2021-07-12&aDateRange[dep]=2021-07-16&aPriceRange[from]=0&aPriceRange[to]=0&iRoomType=7&aRooms[0][adults]=2&cpt2=2087856/100&hasList=1&hasMap=0&sharedcid=2087856&tab=info,San Carlo Suite,"https://imgcy.trivago.com/c_lfill,d_dummy.jpeg,e_sharpen:60,f_auto,h_225,q_auto,w_225/itemimages/20/87/2087856_v1.jpeg",140,Stayforlong,140,Stayforlong,560,70,Hurb - Hotel Urbano,280,248,,8.6
0.5 miles to City center,"via del corso, 005100, Rome, Italy",https://www.trivago.com/?&aDateRange[arr]=2021-07-12&aDateRange[dep]=2021-07-16&aPriceRange[from]=0&aPriceRange[to]=0&iRoomType=7&aRooms[0][adults]=2&cpt2=8920606/100&hasList=1&hasMap=0&sharedcid=8920606&tab=info,Elizabeth Unique,"https://imgcy.trivago.com/c_lfill,d_dummy.jpeg,e_sharpen:60,f_auto,h_225,q_auto,w_225/itemimages/89/20/8920606_v1.jpeg",328,TravelUp,328,TravelUp,1311,70,Hurb - Hotel Urbano,280,196,5,8.6
0.3 miles to Colosseum,"Via Capo d'Africa 54, 00184, Rome, Italy",https://www.trivago.com/?&aDateRange[arr]=2021-07-12&aDateRange[dep]=2021-07-16&aPriceRange[from]=0&aPriceRange[to]=0&iRoomType=7&aRooms[0][adults]=2&cpt2=16932/100&hasList=1&hasMap=0&sharedcid=16932&tab=info,Capo d'Africa Hotel - Colosseo,"https://imgcy.trivago.com/c_lfill,d_dummy.jpeg,e_sharpen:60,f_auto,h_225,q_auto,w_225/itemimages/16/93/16932_v6.jpeg",132,Prestigia,155,Booking.com,621,70,Hurb - Hotel Urbano,280,1557,4,8.6
1.9 miles to City center,,https://www.trivago.com/?&aDateRange[arr]=2021-07-12&aDateRange[dep]=2021-07-16&aPriceRange[from]=0&aPriceRange[to]=0&iRoomType=7&aRooms[0][adults]=2&cpt2=16358630/100&hasList=1&hasMap=0&sharedcid=16358630&tab=info,Holiday Max,"https://imgcy.trivago.com/c_lfill,d_dummy.jpeg,e_sharpen:60,f_auto,h_225,q_auto,w_225/itemimages/16/35/16358630.jpeg",83,Expedia,83,Expedia,333,70,Hurb - Hotel Urbano,280,18,,8.6
2.2 miles to St Peters Basilica,"Via Giorgio Zoega, 59, 00164, Rome, Italy",https://www.trivago.com/?&aDateRange[arr]=2021-07-12&aDateRange[dep]=2021-07-16&aPriceRange[from]=0&aPriceRange[to]=0&iRoomType=7&aRooms[0][adults]=2&cpt2=4042926/100&hasList=1&hasMap=0&sharedcid=4042926&tab=info,A.Roma Lifestyle Hotel,"https://imgcy.trivago.com/c_lfill,d_dummy.jpeg,e_sharpen:60,f_auto,h_225,q_auto,w_225/itemimages/40/42/4042926.jpeg",121,Stayforlong,121,Stayforlong,484,70,Hurb - Hotel Urbano,280,1257,4,8.6
1.2 miles to Colosseum,"Via Ludovisi 15, 00187, Rome, Italy",https://www.trivago.com/?&aDateRange[arr]=2021-07-12&aDateRange[dep]=2021-07-16&aPriceRange[from]=0&aPriceRange[to]=0&iRoomType=7&aRooms[0][adults]=2&cpt2=45252/100&hasList=1&hasMap=0&sharedcid=45252&tab=info,Hotel Savoy,"https://imgcy.trivago.com/c_lfill,d_dummy.jpeg,e_sharpen:60,f_auto,h_225,q_auto,w_225/itemimages/45/25/45252_v1.jpeg",137,lol.travel,144,Booking.com,576,70,Hurb - Hotel Urbano,280,1722,4,8.6
0.8 miles to Colosseum,"Piazza San Anselmo 2, 00153, Rome, Italy",https://www.trivago.com/?&aDateRange[arr]=2021-07-12&aDateRange[dep]=2021-07-16&aPriceRange[from]=0&aPriceRange[to]=0&iRoomType=7&aRooms[0][adults]=2&cpt2=17495/100&hasList=1&hasMap=0&sharedcid=17495&tab=info,Hotel San Anselmo,"https://imgcy.trivago.com/c_lfill,d_dummy.jpeg,e_sharpen:60,f_auto,h_225,q_auto,w_225/itemimages/17/49/17495_v3.jpeg",103,Prestigia,121,Booking.com,484,70,Hurb - Hotel Urbano,280,515,4,8.6
0.8 miles to Colosseum,"Via Nazionale 7, 00184, Rome, Italy",https://www.trivago.com/?&aDateRange[arr]=2021-07-12&aDateRange[dep]=2021-07-16&aPriceRange[from]=0&aPriceRange[to]=0&iRoomType=7&aRooms[0][adults]=2&cpt2=17430/100&hasList=1&hasMap=0&sharedcid=17430&tab=info,Hotel Quirinale,"https://imgcy.trivago.com/c_lfill,d_dummy.jpeg,e_sharpen:60,f_auto,h_225,q_auto,w_225/itemimages/17/43/17430_v6.jpeg",89,Stayforlong,89,Stayforlong,356,70,Hurb - Hotel Urbano,280,3424,4,8.6
1.3 miles to Colosseum,"Via Villafranca 20, 00185, Rome, Italy",https://www.trivago.com/?&aDateRange[arr]=2021-07-12&aDateRange[dep]=2021-07-16&aPriceRange[from]=0&aPriceRange[to]=0&iRoomType=7&aRooms[0][adults]=2&cpt2=17033/100&hasList=1&hasMap=0&sharedcid=17033&tab=info,Hotel Des Artistes,"https://imgcy.trivago.com/c_lfill,d_dummy.jpeg,e_sharpen:60,f_auto,h_225,q_auto,w_225/itemimages/17/03/17033_v12.jpeg",74,Expedia,75,Booking.com,298,70,Hurb - Hotel Urbano,280,1747,3,8.6
1.1 miles to Colosseum,"Via Delle Convertite 5, 00187, Rome, Italy",https://www.trivago.com/?&aDateRange[arr]=2021-07-12&aDateRange[dep]=2021-07-16&aPriceRange[from]=0&aPriceRange[to]=0&iRoomType=7&aRooms[0][adults]=2&cpt2=85123/100&hasList=1&hasMap=0&sharedcid=85123&tab=info,Hotel Residenza Montecitorio,"https://imgcy.trivago.com/c_lfill,d_dummy.jpeg,e_sharpen:60,f_auto,h_225,q_auto,w_225/itemimages/85/12/85123_v2.jpeg",213,Stayforlong,213,Stayforlong,851,70,Hurb - Hotel Urbano,280,1353,3,8.6
6.4 miles to St Peters Basilica,"Via Arturo Mercanti 63, 00148, Rome, Italy",https://www.trivago.com/?&aDateRange[arr]=2021-07-12&aDateRange[dep]=2021-07-16&aPriceRange[from]=0&aPriceRange[to]=0&iRoomType=7&aRooms[0][adults]=2&cpt2=150256/100&hasList=1&hasMap=0&sharedcid=150256&tab=info,Hotel ibis Roma Fiera,"https://imgcy.trivago.com/c_lfill,d_dummy.jpeg,e_sharpen:60,f_auto,h_225,q_auto,w_225/itemimages/15/02/150256_v4.jpeg",40,Agoda,49,Booking.com,195,70,Hurb - Hotel Urbano,280,1090,3,8.6
1.2 miles to St Peters Basilica,"Lungotevere Delle Armi, 21, 00195, Rome, Italy",https://www.trivago.com/?&aDateRange[arr]=2021-07-12&aDateRange[dep]=2021-07-16&aPriceRange[from]=0&aPriceRange[to]=0&iRoomType=7&aRooms[0][adults]=2&cpt2=17053/100&hasList=1&hasMap=0&sharedcid=17053&tab=info,Hotel Donna Laura Palace,"https://imgcy.trivago.com/c_lfill,d_dummy.jpeg,e_sharpen:60,f_auto,h_225,q_auto,w_225/itemimages/17/05/17053_v12.jpeg",99,Stayforlong,128,Booking.com,511,70,Hurb - Hotel Urbano,280,1279,4,8.6
0.9 miles to City center,"VIA DI SANTA PRASSEDE 8, Rome, Italy",https://www.trivago.com/?&aDateRange[arr]=2021-07-12&aDateRange[dep]=2021-07-16&aPriceRange[from]=0&aPriceRange[to]=0&iRoomType=7&aRooms[0][adults]=2&cpt2=8116416/100&hasList=1&hasMap=0&sharedcid=8116416&tab=info,Relais Santa Maria Maggiore,"https://imgcy.trivago.com/c_lfill,d_dummy.jpeg,e_sharpen:60,f_auto,h_225,q_auto,w_225/itemimages/81/16/8116416.jpeg",71,Stayforlong,71,Stayforlong,284,70,Hurb - Hotel Urbano,280,774,,8.6
1.3 miles to Colosseum,"Via degli Apuli 41, 00185, Rome, Italy",https://www.trivago.com/?&aDateRange[arr]=2021-07-12&aDateRange[dep]=2021-07-16&aPriceRange[from]=0&aPriceRange[to]=0&iRoomType=7&aRooms[0][adults]=2&cpt2=2077164/100&hasList=1&hasMap=0&sharedcid=2077164&tab=info,Foresteria Roma,"https://imgcy.trivago.com/c_lfill,d_dummy.jpeg,e_sharpen:60,f_auto,h_225,q_auto,w_225/itemimages/20/77/2077164_v2.jpeg",47,Expedia,47,Expedia,187,70,Hurb - Hotel Urbano,280,125,2,8.6
1.0 miles to St Peters Basilica,"Via della Penna, 22, 00186, Rome, Italy",https://www.trivago.com/?&aDateRange[arr]=2021-07-12&aDateRange[dep]=2021-07-16&aPriceRange[from]=0&aPriceRange[to]=0&iRoomType=7&aRooms[0][adults]=2&cpt2=17248/100&hasList=1&hasMap=0&sharedcid=17248&tab=info,Hotel Locarno,"https://imgcy.trivago.com/c_lfill,d_dummy.jpeg,e_sharpen:60,f_auto,h_225,q_auto,w_225/itemimages/17/24/17248_v4.jpeg",278,TiCATi.com,292,Hotels.com,1168,70,Hurb - Hotel Urbano,280,698,5,8.6
1.1 miles to Colosseum,"Via dei Mille, 19, 00185, Rome, Italy",https://www.trivago.com/?&aDateRange[arr]=2021-07-12&aDateRange[dep]=2021-07-16&aPriceRange[from]=0&aPriceRange[to]=0&iRoomType=7&aRooms[0][adults]=2&cpt2=16870/100&hasList=1&hasMap=0&sharedcid=16870&tab=info,Hotel Archimede,"https://imgcy.trivago.com/c_lfill,d_dummy.jpeg,e_sharpen:60,f_auto,h_225,q_auto,w_225/itemimages/16/87/16870_v5.jpeg",64,lol.travel,66,Stayforlong,265,70,Hurb - Hotel Urbano,280,467,4,8.6
2.9 miles to International Airport Roma Ciampino,"Via Di Tor Vergata 325, Rome, Italy",https://www.trivago.com/?&aDateRange[arr]=2021-07-12&aDateRange[dep]=2021-07-16&aPriceRange[from]=0&aPriceRange[to]=0&iRoomType=7&aRooms[0][adults]=2&cpt2=2548046/100&hasList=1&hasMap=0&sharedcid=2548046&tab=info,Hotel 325 Tor Vergata,"https://imgcy.trivago.com/c_lfill,d_dummy.jpeg,e_sharpen:60,f_auto,h_225,q_auto,w_225/itemimages/25/48/2548046_v1.jpeg",55,Stayforlong,58,Booking.com,233,70,Hurb - Hotel Urbano,280,121,3,8.6
1.1 miles to Colosseum,"Via Sistina 53, 00187, Rome, Italy",https://www.trivago.com/?&aDateRange[arr]=2021-07-12&aDateRange[dep]=2021-07-16&aPriceRange[from]=0&aPriceRange[to]=0&iRoomType=7&aRooms[0][adults]=2&cpt2=989279/100&hasList=1&hasMap=0&sharedcid=989279&tab=info,SuiteSistina for Lovers,"https://imgcy.trivago.com/c_lfill,d_dummy.jpeg,e_sharpen:60,f_auto,h_225,q_auto,w_225/itemimages/98/92/989279_v5.jpeg",89,Agoda,147,Booking.com,588,70,Hurb - Hotel Urbano,280,911,,8.6
3.0 miles to St Peters Basilica,"Piazza Monteleone di Spoleto 20, 00191, Rome, Italy",https://www.trivago.com/?&aDateRange[arr]=2021-07-12&aDateRange[dep]=2021-07-16&aPriceRange[from]=0&aPriceRange[to]=0&iRoomType=7&aRooms[0][adults]=2&cpt2=17108/100&hasList=1&hasMap=0&sharedcid=17108&tab=info,Grand Hotel Fleming,"https://imgcy.trivago.com/c_lfill,d_dummy.jpeg,e_sharpen:60,f_auto,h_225,q_auto,w_225/itemimages/17/10/17108_v9.jpeg",66,Stayforlong,66,Stayforlong,265,70,Hurb - Hotel Urbano,280,1545,4,8.6
1.5 miles to Colosseum,"Corso d'Italia 92, 00198, Rome, Italy",https://www.trivago.com/?&aDateRange[arr]=2021-07-12&aDateRange[dep]=2021-07-16&aPriceRange[from]=0&aPriceRange[to]=0&iRoomType=7&aRooms[0][adults]=2&cpt2=1504541/100&hasList=1&hasMap=0&sharedcid=1504541&tab=info,Imperial Suite Guest House,"https://imgcy.trivago.com/c_lfill,d_dummy.jpeg,e_sharpen:60,f_auto,h_225,q_auto,w_225/itemimages/15/04/1504541_v15.jpeg",1084,trivago Book & Go,1084,trivago Book & Go,4335,70,Hurb - Hotel Urbano,280,120,,8.6
0.6 miles to City center,"Via V. E. Orlando, 83 - Rome, Rome, Italy",https://www.trivago.com/?&aDateRange[arr]=2021-07-12&aDateRange[dep]=2021-07-16&aPriceRange[from]=0&aPriceRange[to]=0&iRoomType=7&aRooms[0][adults]=2&cpt2=6303100/100&hasList=1&hasMap=0&sharedcid=6303100&tab=info,Mascagni Luxury Dependance,"https://imgcy.trivago.com/c_lfill,d_dummy.jpeg,e_sharpen:60,f_auto,h_225,q_auto,w_225/itemimages/63/03/6303100.jpeg",96,Stayforlong,96,Stayforlong,385,70,Hurb - Hotel Urbano,280,210,,8.6
1.1 miles to Colosseum,"Via Volturno 22, 00185, Rome, Italy",https://www.trivago.com/?&aDateRange[arr]=2021-07-12&aDateRange[dep]=2021-07-16&aPriceRange[from]=0&aPriceRange[to]=0&iRoomType=7&aRooms[0][adults]=2&cpt2=17079/100&hasList=1&hasMap=0&sharedcid=17079&tab=info,Hotel Regio,"https://imgcy.trivago.com/c_lfill,d_dummy.jpeg,e_sharpen:60,f_auto,h_225,q_auto,w_225/itemimages/17/07/17079_v4.jpeg",64,Stayforlong,64,Stayforlong,255,79,Hotels.com,316,702,3,7.8
0.4 miles to City center,"VIA D'ARACOELI, 11, Rome, Italy",https://www.trivago.com/?&aDateRange[arr]=2021-07-12&aDateRange[dep]=2021-07-16&aPriceRange[from]=0&aPriceRange[to]=0&iRoomType=7&aRooms[0][adults]=2&cpt2=8971948/100&hasList=1&hasMap=0&sharedcid=8971948&tab=info,Otivm,"https://imgcy.trivago.com/c_lfill,d_dummy.jpeg,e_sharpen:60,f_auto,h_225,q_auto,w_225/itemimages/89/71/8971948.jpeg",80,Stayforlong,80,Stayforlong,320,79,Hotels.com,316,635,,7.8
2.6 miles to St Peters Basilica,"Via Aurelia, 800, 00165, Rome, Italy",https://www.trivago.com/?&aDateRange[arr]=2021-07-12&aDateRange[dep]=2021-07-16&aPriceRange[from]=0&aPriceRange[to]=0&iRoomType=7&aRooms[0][adults]=2&cpt2=17194/100&hasList=1&hasMap=0&sharedcid=17194&tab=info,Hotel Roma Midas,"https://imgcy.trivago.com/c_lfill,d_dummy.jpeg,e_sharpen:60,f_auto,h_225,q_auto,w_225/itemimages/17/19/17194_v5.jpeg",65,Stayforlong,65,Stayforlong,258,79,Hotels.com,316,735,4,7.8
0.8 miles to Colosseum,"Via Filippo Turati 16, 00185, Rome, Italy",https://www.trivago.com/?&aDateRange[arr]=2021-07-12&aDateRange[dep]=2021-07-16&aPriceRange[from]=0&aPriceRange[to]=0&iRoomType=7&aRooms[0][adults]=2&cpt2=16875/100&hasList=1&hasMap=0&sharedcid=16875&tab=info,Hotel Ariston,"https://imgcy.trivago.com/c_lfill,d_dummy.jpeg,e_sharpen:60,f_auto,h_225,q_auto,w_225/itemimages/16/87/16875_v4.jpeg",77,TravelUp,96,Booking.com,385,79,Hotels.com,316,1185,4,7.8
0.9 miles to Colosseum,"Via del Boccaccio 25 - 1 floor, 00187, Rome, Italy",https://www.trivago.com/?&aDateRange[arr]=2021-07-12&aDateRange[dep]=2021-07-16&aPriceRange[from]=0&aPriceRange[to]=0&iRoomType=7&aRooms[0][adults]=2&cpt2=16912/100&hasList=1&hasMap=0&sharedcid=16912&tab=info,Hotel Boccaccio,"https://imgcy.trivago.com/c_lfill,d_dummy.jpeg,e_sharpen:60,f_auto,h_225,q_auto,w_225/itemimages/16/91/16912_v6.jpeg",107,Vrbo,122,TravelStaytion,488,79,Hotels.com,316,200,1,7.8
0.4 miles to Colosseum,"Via de' Ciancaleoni 49, 00184, Rome, Italy",https://www.trivago.com/?&aDateRange[arr]=2021-07-12&aDateRange[dep]=2021-07-16&aPriceRange[from]=0&aPriceRange[to]=0&iRoomType=7&aRooms[0][adults]=2&cpt2=915325/100&hasList=1&hasMap=0&sharedcid=915325&tab=info,Hotel Ivanhoe,"https://imgcy.trivago.com/c_lfill,d_dummy.jpeg,e_sharpen:60,f_auto,h_225,q_auto,w_225/itemimages/91/53/915325_v7.jpeg",176,Stayforlong,176,Stayforlong,705,79,Hotels.com,316,3938,3,7.8
0.2 miles to St Peters Basilica,"Via Delle Fornaci, 25, 00165, Rome, Italy",https://www.trivago.com/?&aDateRange[arr]=2021-07-12&aDateRange[dep]=2021-07-16&aPriceRange[from]=0&aPriceRange[to]=0&iRoomType=7&aRooms[0][adults]=2&cpt2=17066/100&hasList=1&hasMap=0&sharedcid=17066&tab=info,Emmaus,"https://imgcy.trivago.com/c_lfill,d_dummy.jpeg,e_sharpen:60,f_auto,h_225,q_auto,w_225/itemimages/17/06/17066_v4.jpeg",65,Stayforlong,65,Stayforlong,258,79,Hotels.com,316,490,3,7.8
0.8 miles to Colosseum,"Via del Viminale, 19, 00184, Rome, Italy",https://www.trivago.com/?&aDateRange[arr]=2021-07-12&aDateRange[dep]=2021-07-16&aPriceRange[from]=0&aPriceRange[to]=0&iRoomType=7&aRooms[0][adults]=2&cpt2=17180/100&hasList=1&hasMap=0&sharedcid=17180&tab=info,Hotel Impero,"https://imgcy.trivago.com/c_lfill,d_dummy.jpeg,e_sharpen:60,f_auto,h_225,q_auto,w_225/itemimages/17/18/17180_v4.jpeg",66,Stayforlong,66,Stayforlong,265,79,Hotels.com,316,1666,3,7.8
1.2 miles to Colosseum,"Via Bocca di Leone 14, 00187, Rome, Italy",https://www.trivago.com/?&aDateRange[arr]=2021-07-12&aDateRange[dep]=2021-07-16&aPriceRange[from]=0&aPriceRange[to]=0&iRoomType=7&aRooms[0][adults]=2&cpt2=17040/100&hasList=1&hasMap=0&sharedcid=17040&tab=info,Hotel d'Inghilterra Roma - Starhotels Collezione,"https://imgcy.trivago.com/c_lfill,d_dummy.jpeg,e_sharpen:60,f_auto,h_225,q_auto,w_225/itemimages/17/04/17040_v8.jpeg",323,Prestigia,380,Hotel Website,1519,79,Hotels.com,316,339,5,7.8
4.8 miles to International Airport Roma Ciampino,"Via Di Castel Di Leva 108, 00134, Rome, Italy",https://www.trivago.com/?&aDateRange[arr]=2021-07-12&aDateRange[dep]=2021-07-16&aPriceRange[from]=0&aPriceRange[to]=0&iRoomType=7&aRooms[0][adults]=2&cpt2=873156/100&hasList=1&hasMap=0&sharedcid=873156&tab=info,All Ways Garden & Leisure,"https://imgcy.trivago.com/c_lfill,d_dummy.jpeg,e_sharpen:60,f_auto,h_225,q_auto,w_225/itemimages/87/31/873156_v7.jpeg",56,Booking.com,56,Booking.com,226,79,Hotels.com,316,797,4,7.8
3.2 miles to Colosseum,"Via del Forte Ostiense, 00146, Rome, Italy",https://www.trivago.com/?&aDateRange[arr]=2021-07-12&aDateRange[dep]=2021-07-16&aPriceRange[from]=0&aPriceRange[to]=0&iRoomType=7&aRooms[0][adults]=2&cpt2=946071/100&hasList=1&hasMap=0&sharedcid=946071&tab=info,Smy Area Roma,"https://imgcy.trivago.com/c_lfill,d_dummy.jpeg,e_sharpen:60,f_auto,h_225,q_auto,w_225/itemimages/94/60/946071_v6.jpeg",63,Hotels.com,70,Booking.com,280,79,Hotels.com,316,789,4,7.8
0.9 miles to Colosseum,"Via del Lavatore 95, 00187, Rome, Italy",https://www.trivago.com/?&aDateRange[arr]=2021-07-12&aDateRange[dep]=2021-07-16&aPriceRange[from]=0&aPriceRange[to]=0&iRoomType=7&aRooms[0][adults]=2&cpt2=2200778/100&hasList=1&hasMap=0&sharedcid=2200778&tab=info,Relais Trevi 95 Hotel,"https://imgcy.trivago.com/c_lfill,d_dummy.jpeg,e_sharpen:60,f_auto,h_225,q_auto,w_225/itemimages/22/00/2200778_v21.jpeg",176,Booking.com,176,Booking.com,705,79,Hotels.com,316,992,4,7.8
0.9 miles to St Peters Basilica,"Via Dell'Orso, 38-39, 00186, Rome, Italy",https://www.trivago.com/?&aDateRange[arr]=2021-07-12&aDateRange[dep]=2021-07-16&aPriceRange[from]=0&aPriceRange[to]=0&iRoomType=7&aRooms[0][adults]=2&cpt2=2300504/100&hasList=1&hasMap=0&sharedcid=2300504&tab=info,NAVONA COLORS,"https://imgcy.trivago.com/c_lfill,d_dummy.jpeg,e_sharpen:60,f_auto,h_225,q_auto,w_225/itemimages/23/00/2300504_v7.jpeg",115,Stayforlong,115,Stayforlong,458,79,Hotels.com,316,543,,7.8
1.0 miles to Colosseum,"Via Marsala 22, 00185, Rome, Italy",https://www.trivago.com/?&aDateRange[arr]=2021-07-12&aDateRange[dep]=2021-07-16&aPriceRange[from]=0&aPriceRange[to]=0&iRoomType=7&aRooms[0][adults]=2&cpt2=17469/100&hasList=1&hasMap=0&sharedcid=17469&tab=info,Best Western Premier Hotel Royal Santina,"https://imgcy.trivago.com/c_lfill,d_dummy.jpeg,e_sharpen:60,f_auto,h_225,q_auto,w_225/itemimages/17/46/17469_v14.jpeg",97,Stayforlong,97,Stayforlong,389,79,Hotels.com,316,1794,4,7.8
3.3 miles to City center,"Via Galeazzo Alessi 249, 00176, Rome, Italy",https://www.trivago.com/?&aDateRange[arr]=2021-07-12&aDateRange[dep]=2021-07-16&aPriceRange[from]=0&aPriceRange[to]=0&iRoomType=7&aRooms[0][adults]=2&cpt2=13203346/100&hasList=1&hasMap=0&sharedcid=13203346&tab=info,Old Bakery Rome Guest House,"https://imgcy.trivago.com/c_lfill,d_dummy.jpeg,e_sharpen:60,f_auto,h_225,q_auto,w_225/itemimages/13/20/13203346.jpeg",40,Expedia,40,Expedia,160,79,Hotels.com,316,18,,7.8
0.5 miles to Colosseum,"Via Sforza 10, 00184, Rome, Italy",https://www.trivago.com/?&aDateRange[arr]=2021-07-12&aDateRange[dep]=2021-07-16&aPriceRange[from]=0&aPriceRange[to]=0&iRoomType=7&aRooms[0][adults]=2&cpt2=16983/100&hasList=1&hasMap=0&sharedcid=16983&tab=info,Hotel Colosseum,"https://imgcy.trivago.com/c_lfill,d_dummy.jpeg,e_sharpen:60,f_auto,h_225,q_auto,w_225/itemimages/16/98/16983_v11.jpeg",81,Hotelwiz,93,Stayforlong,371,79,Hotels.com,316,1524,3,7.8
0.5 miles to St Peters Basilica,"Via Boezio, 15, 00193, Rome, Italy",https://www.trivago.com/?&aDateRange[arr]=2021-07-12&aDateRange[dep]=2021-07-16&aPriceRange[from]=0&aPriceRange[to]=0&iRoomType=7&aRooms[0][adults]=2&cpt2=16869/100&hasList=1&hasMap=0&sharedcid=16869&tab=info,Hotel Arcangelo,"https://imgcy.trivago.com/c_lfill,d_dummy.jpeg,e_sharpen:60,f_auto,h_225,q_auto,w_225/itemimages/16/86/16869_v8.jpeg",87,Stayforlong,87,Stayforlong,349,79,Hotels.com,316,664,3,7.8
0.9 miles to Colosseum,"Via delle Quattro Fontane 12, 00184, Rome, Italy",https://www.trivago.com/?&aDateRange[arr]=2021-07-12&aDateRange[dep]=2021-07-16&aPriceRange[from]=0&aPriceRange[to]=0&iRoomType=7&aRooms[0][adults]=2&cpt2=16861/100&hasList=1&hasMap=0&sharedcid=16861&tab=info,Hôtel Anglo Americano,"https://imgcy.trivago.com/c_lfill,d_dummy.jpeg,e_sharpen:60,f_auto,h_225,q_auto,w_225/itemimages/16/86/16861_v4.jpeg",84,Stayforlong,84,Stayforlong,335,79,Hotels.com,316,619,4,7.8
1.0 miles to Colosseum,"Via Santa Croce in Gerusalemme, 40, 00185, Rome, Italy",https://www.trivago.com/?&aDateRange[arr]=2021-07-12&aDateRange[dep]=2021-07-16&aPriceRange[from]=0&aPriceRange[to]=0&iRoomType=7&aRooms[0][adults]=2&cpt2=16911/100&hasList=1&hasMap=0&sharedcid=16911&tab=info,Hotel Bled,"https://imgcy.trivago.com/c_lfill,d_dummy.jpeg,e_sharpen:60,f_auto,h_225,q_auto,w_225/itemimages/16/91/16911_v3.jpeg",53,Expedia,69,Stayforlong,276,79,Hotels.com,316,186,3,7.8
0.6 miles to City center,"Via delle Pace 36 A, 00186, Rome, Italy",https://www.trivago.com/?&aDateRange[arr]=2021-07-12&aDateRange[dep]=2021-07-16&aPriceRange[from]=0&aPriceRange[to]=0&iRoomType=7&aRooms[0][adults]=2&cpt2=1750627/100&hasList=1&hasMap=0&sharedcid=1750627&tab=info,Navona Palace Luxury Inn,"https://imgcy.trivago.com/c_lfill,d_dummy.jpeg,e_sharpen:60,f_auto,h_225,q_auto,w_225/itemimages/17/50/1750627_v4.jpeg",80,Stayforlong,80,Stayforlong,320,79,Hotels.com,316,824,,7.8
0.8 miles to Colosseum,"Via Nazionale 22, 00184, Rome, Italy",https://www.trivago.com/?&aDateRange[arr]=2021-07-12&aDateRange[dep]=2021-07-16&aPriceRange[from]=0&aPriceRange[to]=0&iRoomType=7&aRooms[0][adults]=2&cpt2=16878/100&hasList=1&hasMap=0&sharedcid=16878&tab=info,Artemide,"https://imgcy.trivago.com/c_lfill,d_dummy.jpeg,e_sharpen:60,f_auto,h_225,q_auto,w_225/itemimages/16/87/16878_v4.jpeg",218,Agoda,254,Booking.com,1017,79,Hotels.com,316,2251,4,7.8
1.0 miles to Colosseum,"Via Magna Grecia 122, 00183, Rome, Italy",https://www.trivago.com/?&aDateRange[arr]=2021-07-12&aDateRange[dep]=2021-07-16&aPriceRange[from]=0&aPriceRange[to]=0&iRoomType=7&aRooms[0][adults]=2&cpt2=17393/100&hasList=1&hasMap=0&sharedcid=17393&tab=info,Best Western Hotel Piccadilly,"https://imgcy.trivago.com/c_lfill,d_dummy.jpeg,e_sharpen:60,f_auto,h_225,q_auto,w_225/itemimages/17/39/17393_v9.jpeg",64,TravelUp,82,Booking.com,326,79,Hotels.com,316,1290,3,7.8
1.4 miles to Colosseum,"Via dei Magazzini Generali, 4, 00154, Rome, Italy",https://www.trivago.com/?&aDateRange[arr]=2021-07-12&aDateRange[dep]=2021-07-16&aPriceRange[from]=0&aPriceRange[to]=0&iRoomType=7&aRooms[0][adults]=2&cpt2=17423/100&hasList=1&hasMap=0&sharedcid=17423&tab=info,Hotel Pyramid,"https://imgcy.trivago.com/c_lfill,d_dummy.jpeg,e_sharpen:60,f_auto,h_225,q_auto,w_225/itemimages/17/42/17423_v5.jpeg",51,Hotelwiz,67,Booking.com,268,79,Hotels.com,316,618,3,7.8
1.2 miles to St Peters Basilica,"Via Lattanzio 51, 00136, Rome, Italy",https://www.trivago.com/?&aDateRange[arr]=2021-07-12&aDateRange[dep]=2021-07-16&aPriceRange[from]=0&aPriceRange[to]=0&iRoomType=7&aRooms[0][adults]=2&cpt2=17157/100&hasList=1&hasMap=0&sharedcid=17157&tab=info,Grand Hotel Tiberio,"https://imgcy.trivago.com/c_lfill,d_dummy.jpeg,e_sharpen:60,f_auto,h_225,q_auto,w_225/itemimages/17/15/17157_v7.jpeg",71,BookingBargains,76,Booking.com,303,79,Hotels.com,316,3010,4,7.8
2.1 miles to St Peters Basilica,"Via Aurelia 619, 00165, Rome, Italy",https://www.trivago.com/?&aDateRange[arr]=2021-07-12&aDateRange[dep]=2021-07-16&aPriceRange[from]=0&aPriceRange[to]=0&iRoomType=7&aRooms[0][adults]=2&cpt2=82871/100&hasList=1&hasMap=0&sharedcid=82871&tab=info,Smooth Hotel Rome West,"https://imgcy.trivago.com/c_lfill,d_dummy.jpeg,e_sharpen:60,f_auto,h_225,q_auto,w_225/itemimages/82/87/82871_v7.jpeg",45,Agoda,46,Stayforlong,185,79,Hotels.com,316,890,4,7.8
1.2 miles to Colosseum,"Via Tiburtina 30, 00185, Rome, Italy",https://www.trivago.com/?&aDateRange[arr]=2021-07-12&aDateRange[dep]=2021-07-16&aPriceRange[from]=0&aPriceRange[to]=0&iRoomType=7&aRooms[0][adults]=2&cpt2=17094/100&hasList=1&hasMap=0&sharedcid=17094&tab=info,Hotel Felice,"https://imgcy.trivago.com/c_lfill,d_dummy.jpeg,e_sharpen:60,f_auto,h_225,q_auto,w_225/itemimages/17/09/17094_v3.jpeg",52,Booking.com,52,Booking.com,207,84,Hurb - Hotel Urbano,336,303,2,7.1
0.7 miles to Colosseum,"Via Nazionale 51, 00184, Rome, Italy",https://www.trivago.com/?&aDateRange[arr]=2021-07-12&aDateRange[dep]=2021-07-16&aPriceRange[from]=0&aPriceRange[to]=0&iRoomType=7&aRooms[0][adults]=2&cpt2=17531/100&hasList=1&hasMap=0&sharedcid=17531&tab=info,Hotel St Moritz,"https://imgcy.trivago.com/c_lfill,d_dummy.jpeg,e_sharpen:60,f_auto,h_225,q_auto,w_225/itemimages/17/53/17531_v7.jpeg",78,Hotelwiz,84,Booking.com,337,84,Hurb - Hotel Urbano,336,401,3,7.1
1.2 miles to Colosseum,"Via Vittorio Veneto, 70, 00187, Rome, Italy",https://www.trivago.com/?&aDateRange[arr]=2021-07-12&aDateRange[dep]=2021-07-16&aPriceRange[from]=0&aPriceRange[to]=0&iRoomType=7&aRooms[0][adults]=2&cpt2=45612/100&hasList=1&hasMap=0&sharedcid=45612&tab=info,Grand Hotel Palace,"https://imgcy.trivago.com/c_lfill,d_dummy.jpeg,e_sharpen:60,f_auto,h_225,q_auto,w_225/itemimages/45/61/45612_v5.jpeg",178,BookingBargains,179,Stayforlong,716,84,Hurb - Hotel Urbano,336,1236,5,7.1
0.5 miles to St Peters Basilica,"Via del Cottolengo 50, 00165, Rome, Italy",https://www.trivago.com/?&aDateRange[arr]=2021-07-12&aDateRange[dep]=2021-07-16&aPriceRange[from]=0&aPriceRange[to]=0&iRoomType=7&aRooms[0][adults]=2&cpt2=2838056/100&hasList=1&hasMap=0&sharedcid=2838056&tab=info,Il Cantico,"https://imgcy.trivago.com/c_lfill,d_dummy.jpeg,e_sharpen:60,f_auto,h_225,q_auto,w_225/itemimages/28/38/2838056_v2.jpeg",51,Stayforlong,51,Stayforlong,204,84,Hurb - Hotel Urbano,336,929,3,7.1
0.6 miles to Colosseum,"Via Urbana 6/7, 00184, Rome, Italy",https://www.trivago.com/?&aDateRange[arr]=2021-07-12&aDateRange[dep]=2021-07-16&aPriceRange[from]=0&aPriceRange[to]=0&iRoomType=7&aRooms[0][adults]=2&cpt2=3757474/100&hasList=1&hasMap=0&sharedcid=3757474&tab=info,The Fifteen Keys Hotel,"https://imgcy.trivago.com/c_lfill,d_dummy.jpeg,e_sharpen:60,f_auto,h_225,q_auto,w_225/itemimages/37/57/3757474_v1.jpeg",119,Stayforlong,119,Stayforlong,476,84,Hurb - Hotel Urbano,336,365,4,7.1
1.9 miles to Colosseum,"Via Gerolamo Frescobaldi 5, 00198, Rome, Italy",https://www.trivago.com/?&aDateRange[arr]=2021-07-12&aDateRange[dep]=2021-07-16&aPriceRange[from]=0&aPriceRange[to]=0&iRoomType=7&aRooms[0][adults]=2&cpt2=17375/100&hasList=1&hasMap=0&sharedcid=17375&tab=info,Parco dei Principi Grand Hotel & Spa,"https://imgcy.trivago.com/c_lfill,d_dummy.jpeg,e_sharpen:60,f_auto,h_225,q_auto,w_225/itemimages/17/37/17375_v7.jpeg",314,lol.travel,315,Stayforlong,1258,84,Hurb - Hotel Urbano,336,1066,5,7.1
1.5 miles to St Peters Basilica,"via Andrea Alciato 14/16, 167, Rome, Italy",https://www.trivago.com/?&aDateRange[arr]=2021-07-12&aDateRange[dep]=2021-07-16&aPriceRange[from]=0&aPriceRange[to]=0&iRoomType=7&aRooms[0][adults]=2&cpt2=17613/100&hasList=1&hasMap=0&sharedcid=17613&tab=info,Hotel Club House,"https://imgcy.trivago.com/c_lfill,d_dummy.jpeg,e_sharpen:60,f_auto,h_225,q_auto,w_225/itemimages/17/61/17613_v7.jpeg",71,lol.travel,88,Booking.com,351,84,Hurb - Hotel Urbano,336,332,4,7.1
0.5 miles to Colosseum,"Via Urbana 20, 00185, Rome, Italy",https://www.trivago.com/?&aDateRange[arr]=2021-07-12&aDateRange[dep]=2021-07-16&aPriceRange[from]=0&aPriceRange[to]=0&iRoomType=7&aRooms[0][adults]=2&cpt2=4492378/100&hasList=1&hasMap=0&sharedcid=4492378&tab=info,Relais Monti,"https://imgcy.trivago.com/c_lfill,d_dummy.jpeg,e_sharpen:60,f_auto,h_225,q_auto,w_225/itemimages/44/92/4492378_v1.jpeg",101,Stayforlong,101,Stayforlong,404,84,Hurb - Hotel Urbano,336,214,,7.1
0.5 miles to City center,,https://www.trivago.com/?&aDateRange[arr]=2021-07-12&aDateRange[dep]=2021-07-16&aPriceRange[from]=0&aPriceRange[to]=0&iRoomType=7&aRooms[0][adults]=2&cpt2=12334820/100&hasList=1&hasMap=0&sharedcid=12334820&tab=info,Concept Terrace,"https://imgcy.trivago.com/c_lfill,d_dummy.jpeg,e_sharpen:60,f_auto,h_225,q_auto,w_225/itemimages/12/33/12334820.jpeg",160,Booking.com,160,Booking.com,641,84,Hurb - Hotel Urbano,336,21,,7.1
0.8 miles to Colosseum,"Via Principe Amedeo, 4, 00185, Rome, Italy",https://www.trivago.com/?&aDateRange[arr]=2021-07-12&aDateRange[dep]=2021-07-16&aPriceRange[from]=0&aPriceRange[to]=0&iRoomType=7&aRooms[0][adults]=2&cpt2=17038/100&hasList=1&hasMap=0&sharedcid=17038&tab=info,Hotel Diana Roof Garden,"https://imgcy.trivago.com/c_lfill,d_dummy.jpeg,e_sharpen:60,f_auto,h_225,q_auto,w_225/itemimages/17/03/17038_v3.jpeg",89,Hotelwiz,91,Stayforlong,364,84,Hurb - Hotel Urbano,336,1898,4,7.1
0.4 miles to Colosseum,"Via dei Serpenti, 130, 00184, Rome, Italy",https://www.trivago.com/?&aDateRange[arr]=2021-07-12&aDateRange[dep]=2021-07-16&aPriceRange[from]=0&aPriceRange[to]=0&iRoomType=7&aRooms[0][adults]=2&cpt2=45983/100&hasList=1&hasMap=0&sharedcid=45983&tab=info,Hotel Anfiteatro Flavio,"https://imgcy.trivago.com/c_lfill,d_dummy.jpeg,e_sharpen:60,f_auto,h_225,q_auto,w_225/itemimages/45/98/45983_v3.jpeg",57,Stayforlong,57,Stayforlong,229,84,Hurb - Hotel Urbano,336,926,3,7.1
1.3 miles to Colosseum,"Via Beniamino Franklin 4, 00153, Rome, Italy",https://www.trivago.com/?&aDateRange[arr]=2021-07-12&aDateRange[dep]=2021-07-16&aPriceRange[from]=0&aPriceRange[to]=0&iRoomType=7&aRooms[0][adults]=2&cpt2=2045321/100&hasList=1&hasMap=0&sharedcid=2045321&tab=info,Re Testa,"https://imgcy.trivago.com/c_lfill,d_dummy.jpeg,e_sharpen:60,f_auto,h_225,q_auto,w_225/itemimages/20/45/2045321_v3.jpeg",137,Stayforlong,137,Stayforlong,549,84,Hurb - Hotel Urbano,336,416,3,7.1
0.8 miles to Colosseum,"Via Cavour 23, 00184, Rome, Italy",https://www.trivago.com/?&aDateRange[arr]=2021-07-12&aDateRange[dep]=2021-07-16&aPriceRange[from]=0&aPriceRange[to]=0&iRoomType=7&aRooms[0][adults]=2&cpt2=16887/100&hasList=1&hasMap=0&sharedcid=16887&tab=info,Bettoja Hotel Atlantico,"https://imgcy.trivago.com/c_lfill,d_dummy.jpeg,e_sharpen:60,f_auto,h_225,q_auto,w_225/itemimages/16/88/16887_v6.jpeg",106,Stayforlong,106,Stayforlong,425,84,Hurb - Hotel Urbano,336,1576,4,7.1
2.0 miles to St Peters Basilica,"Via T. Taramelli 7, 00197, Rome, Italy",https://www.trivago.com/?&aDateRange[arr]=2021-07-12&aDateRange[dep]=2021-07-16&aPriceRange[from]=0&aPriceRange[to]=0&iRoomType=7&aRooms[0][adults]=2&cpt2=17454/100&hasList=1&hasMap=0&sharedcid=17454&tab=info,Best Western Hotel Rivoli,"https://imgcy.trivago.com/c_lfill,d_dummy.jpeg,e_sharpen:60,f_auto,h_225,q_auto,w_225/itemimages/17/45/17454_v5.jpeg",90,Stayforlong,90,Stayforlong,360,84,Hurb - Hotel Urbano,336,743,4,7.1
0.3 miles to St Peters Basilica,"Via G. Vitelleschi 34, 00193, Rome, Italy",https://www.trivago.com/?&aDateRange[arr]=2021-07-12&aDateRange[dep]=2021-07-16&aPriceRange[from]=0&aPriceRange[to]=0&iRoomType=7&aRooms[0][adults]=2&cpt2=16886/100&hasList=1&hasMap=0&sharedcid=16886&tab=info,Hotel Atlante Star,"https://imgcy.trivago.com/c_lfill,d_dummy.jpeg,e_sharpen:60,f_auto,h_225,q_auto,w_225/itemimages/16/88/16886_v3.jpeg",94,Booking.com,94,Booking.com,378,84,Hurb - Hotel Urbano,336,578,4,7.1
2.6 miles to Colosseum,"Via Andrea Mantegna 130, 00147, Rome, Italy",https://www.trivago.com/?&aDateRange[arr]=2021-07-12&aDateRange[dep]=2021-07-16&aPriceRange[from]=0&aPriceRange[to]=0&iRoomType=7&aRooms[0][adults]=2&cpt2=843021/100&hasList=1&hasMap=0&sharedcid=843021&tab=info,Barceló Aran Mantegna,"https://imgcy.trivago.com/c_lfill,d_dummy.jpeg,e_sharpen:60,f_auto,h_225,q_auto,w_225/itemimages/84/30/843021_v15.jpeg",58,Booking.com,58,Booking.com,231,84,Hurb - Hotel Urbano,336,981,4,7.1
0.8 miles to Colosseum,"Via Torino, 122, 00184, Rome, Italy",https://www.trivago.com/?&aDateRange[arr]=2021-07-12&aDateRange[dep]=2021-07-16&aPriceRange[from]=0&aPriceRange[to]=0&iRoomType=7&aRooms[0][adults]=2&cpt2=2863849/100&hasList=1&hasMap=0&sharedcid=2863849&tab=info,Dharma Luxury Hotel,"https://imgcy.trivago.com/c_lfill,d_dummy.jpeg,e_sharpen:60,f_auto,h_225,q_auto,w_225/itemimages/28/63/2863849_v9.jpeg",104,Stayforlong,104,Stayforlong,415,84,Hurb - Hotel Urbano,336,813,4,7.1
1.3 miles to Colosseum,"Via Palestro 17/A, 00185, Rome, Italy",https://www.trivago.com/?&aDateRange[arr]=2021-07-12&aDateRange[dep]=2021-07-16&aPriceRange[from]=0&aPriceRange[to]=0&iRoomType=7&aRooms[0][adults]=2&cpt2=17319/100&hasList=1&hasMap=0&sharedcid=17319&tab=info,Hotel Montecarlo,"https://imgcy.trivago.com/c_lfill,d_dummy.jpeg,e_sharpen:60,f_auto,h_225,q_auto,w_225/itemimages/17/31/17319_v5.jpeg",52,Stayforlong,52,Stayforlong,207,84,Hurb - Hotel Urbano,336,485,3,7.1
1.0 miles to Colosseum,"Piazza Barberini, 23 b, 00187, Rome, Italy",https://www.trivago.com/?&aDateRange[arr]=2021-07-12&aDateRange[dep]=2021-07-16&aPriceRange[from]=0&aPriceRange[to]=0&iRoomType=7&aRooms[0][adults]=2&cpt2=16906/100&hasList=1&hasMap=0&sharedcid=16906&tab=info,Hotel Sina Bernini Bristol,"https://imgcy.trivago.com/c_lfill,d_dummy.jpeg,e_sharpen:60,f_auto,h_225,q_auto,w_225/itemimages/16/90/16906_v7.jpeg",226,Stayforlong,226,Stayforlong,905,84,Hurb - Hotel Urbano,336,790,5,7.1
0.8 miles to St Peters Basilica,"Via Alessandro Farnese 30, 00192, Rome, Italy",https://www.trivago.com/?&aDateRange[arr]=2021-07-12&aDateRange[dep]=2021-07-16&aPriceRange[from]=0&aPriceRange[to]=0&iRoomType=7&aRooms[0][adults]=2&cpt2=17091/100&hasList=1&hasMap=0&sharedcid=17091&tab=info,Hotel Farnese,"https://imgcy.trivago.com/c_lfill,d_dummy.jpeg,e_sharpen:60,f_auto,h_225,q_auto,w_225/itemimages/17/09/17091_v18.jpeg",141,Stayforlong,141,Stayforlong,564,84,Hurb - Hotel Urbano,336,731,4,7.1
0.4 miles to City center,"Largo Angelicum, 4, 00184, Rome, Italy",https://www.trivago.com/?&aDateRange[arr]=2021-07-12&aDateRange[dep]=2021-07-16&aPriceRange[from]=0&aPriceRange[to]=0&iRoomType=7&aRooms[0][adults]=2&cpt2=6001568/100&hasList=1&hasMap=0&sharedcid=6001568&tab=info,Roma Luxus,"https://imgcy.trivago.com/c_lfill,d_dummy.jpeg,e_sharpen:60,f_auto,h_225,q_auto,w_225/itemimages/60/01/6001568_v1.jpeg",143,Prestigia,160,Stayforlong,640,84,Hurb - Hotel Urbano,336,442,,7.1
1.3 miles to Colosseum,"Via Palestro, 13, 00185, Rome, Italy",https://www.trivago.com/?&aDateRange[arr]=2021-07-12&aDateRange[dep]=2021-07-16&aPriceRange[from]=0&aPriceRange[to]=0&iRoomType=7&aRooms[0][adults]=2&cpt2=16919/100&hasList=1&hasMap=0&sharedcid=16919&tab=info,The Guardian,"https://imgcy.trivago.com/c_lfill,d_dummy.jpeg,e_sharpen:60,f_auto,h_225,q_auto,w_225/itemimages/16/91/16919_v7.jpeg",83,Stayforlong,83,Stayforlong,331,84,Hurb - Hotel Urbano,336,1416,4,7.1
1.3 miles to Colosseum,"Via Boncompagni 37, 00187, Rome, Italy",https://www.trivago.com/?&aDateRange[arr]=2021-07-12&aDateRange[dep]=2021-07-16&aPriceRange[from]=0&aPriceRange[to]=0&iRoomType=7&aRooms[0][adults]=2&cpt2=961269/100&hasList=1&hasMap=0&sharedcid=961269&tab=info,Romanico Palace,"https://imgcy.trivago.com/c_lfill,d_dummy.jpeg,e_sharpen:60,f_auto,h_225,q_auto,w_225/itemimages/96/12/961269_v10.jpeg",170,Stayforlong,170,Stayforlong,680,84,Hurb - Hotel Urbano,336,3099,4,7.1
0.2 miles to St Peters Basilica,"Via della Stazione di San Pietro ,14, 00165, Rome, Italy",https://www.trivago.com/?&aDateRange[arr]=2021-07-12&aDateRange[dep]=2021-07-16&aPriceRange[from]=0&aPriceRange[to]=0&iRoomType=7&aRooms[0][adults]=2&cpt2=17536/100&hasList=1&hasMap=0&sharedcid=17536&tab=info,Starhotels Michelangelo,"https://imgcy.trivago.com/c_lfill,d_dummy.jpeg,e_sharpen:60,f_auto,h_225,q_auto,w_225/itemimages/17/53/17536_v7.jpeg",121,Agoda,131,Stayforlong,524,84,Hurb - Hotel Urbano,336,1760,4,7.1
1.7 miles to St Peters Basilica,"Via Bernardo Celentano 11, 00196, Rome, Italy",https://www.trivago.com/?&aDateRange[arr]=2021-07-12&aDateRange[dep]=2021-07-16&aPriceRange[from]=0&aPriceRange[to]=0&iRoomType=7&aRooms[0][adults]=2&cpt2=17594/100&hasList=1&hasMap=0&sharedcid=17594&tab=info,Hotel Villa Glori,"https://imgcy.trivago.com/c_lfill,d_dummy.jpeg,e_sharpen:60,f_auto,h_225,q_auto,w_225/itemimages/17/59/17594_v7.jpeg",68,Stayforlong,92,Booking.com,367,84,Hurb - Hotel Urbano,336,1086,4,7.1
